<?xml version="1.0" encoding="UTF-8"?>
<project-private xmlns="http://www.netbeans.org/ns/project-private/1">
    <editor-bookmarks xmlns="http://www.netbeans.org/ns/editor-bookmarks/2" lastBookmarkId="0"/>
    <open-files xmlns="http://www.netbeans.org/ns/projectui-open-files/2">
        <group>
            <file>file:/C:/Users/User/OneDrive/Documents/NetBeansProjects/modul5/src/modul5/akarkuadrat.java</file>
            <file>file:/C:/Users/User/OneDrive/Documents/NetBeansProjects/modul5/src/modul5/segitiga.java</file>
            <file>file:/C:/Users/User/OneDrive/Documents/NetBeansProjects/modul5/src/modul5/kaos.java</file>
            <file>file:/C:/Users/User/OneDrive/Documents/NetBeansProjects/modul5/src/modul5/Modul5.java</file>
            <file>file:/C:/Users/User/OneDrive/Documents/NetBeansProjects/modul5/src/modul5/zodiac.java</file>
            <file>file:/C:/Users/User/OneDrive/Documents/NetBeansProjects/modul5/src/modul5/gajiPokok.java</file>
        </group>
    </open-files>
</project-private>
