<?xml version="1.0" encoding="UTF-8"?>
<project-private xmlns="http://www.netbeans.org/ns/project-private/1">
    <editor-bookmarks xmlns="http://www.netbeans.org/ns/editor-bookmarks/2" lastBookmarkId="0"/>
    <open-files xmlns="http://www.netbeans.org/ns/projectui-open-files/2">
        <group>
            <file>file:/C:/Users/natha/Downloads/Compressed/Java-main_4/Java-main/SDL/Rekursif/src/Pertemuan%20Modul9%20SDL/src/Modul9/LinkedList.java</file>
            <file>file:/C:/Users/natha/Downloads/Compressed/Java-main_4/Java-main/SDL/Rekursif/src/Pertemuan%20Modul9%20SDL/src/Modul9/ListNode.java</file>
            <file>file:/C:/Users/natha/Downloads/Compressed/Java-main_4/Java-main/SDL/Rekursif/src/Pertemuan%20Modul9%20SDL/src/Modul9/SenaraiBerantaiGanda.java</file>
        </group>
    </open-files>
</project-private>
